LOOP,YEAR,Total_Rain+Melt(mm),Total_Observed_Runoff(mm),Total_Simulated_Runoff(mm),Total_Difference(sim-obs),Total_Fraction(sim/obs),Runoff_Nash-Sutcliffe_Coefficient,Total_PET(mm),Total_AET(mm),Total_(AET/PET),Total_(AET/(Rain+Melt))
1,2002,722.6152,0.0,499.35748,499.35748,Infinity,-Infinity,2711.4592,879.2247,0.32426256,1.216726
1,2003,943.5029,0.0,210.03224,210.03224,Infinity,-Infinity,2857.3896,905.03705,0.3167356,0.9592308
1,2004,795.43524,160.62653,156.42511,-4.201416,0.9738436,0.053081685662084155,2916.8533,851.58234,0.2919524,1.0705867
1,2005,878.44806,306.32574,148.7177,-157.60805,0.48548874,0.3605989468513958,2819.514,842.5983,0.29884523,0.9591897
1,2006,1144.7799,516.9171,315.56277,-201.35434,0.6104708,0.5062820727529393,2785.4568,942.2376,0.3382704,0.82307315
1,2007,809.12415,374.50626,217.37486,-157.1314,0.5804305,0.44828865952847063,2740.6758,850.74255,0.31041342,1.0514364
1,2008,774.666,341.3652,137.84496,-203.52025,0.40380493,-0.05771878918484963,2667.4663,842.70013,0.31591782,1.0878237
1,2009,908.2904,297.19644,177.26631,-119.93013,0.5964618,0.4031336573277361,2779.7598,896.0741,0.32235667,0.9865502
