"","Group.1","x"
"1","2004",163.580309849897
"2","2005",311.09946290808
"3","2006",522.783424427316
"4","2007",379.69425970367
"5","2008",345.22825317148
"6","2009",300.559442837918
"7","2010",452.695770819323
"8","2011",396.995343320493
"9","2012",414.365305385713
"10","2013",214.624162170435
"11","2014",388.198246589078
"12","2015",405.43119887063
"13","2016",226.058528747301
